"Time_Iter","Outer_Iter","Inner_Iter",    "Cur_Time"    ,    "rms[Rho]"    ,    "rms[RhoU]"   ,    "rms[RhoV]"   ,    "rms[RhoE]"   
          0,           0,         449,                 0,       -8.02714209,       -5.48218526,      -6.196634404,      -2.564562814
          1,           0,         354,               0.5,      -8.017041039,      -5.471172472,      -6.181462179,      -2.554209432
